{
  "meta": {
    "experiment": "1.1.1.1.1.embedseeded — Phase-1 retrieval spec §6 EmbedSeeded arm",
    "dataset": "LoCoMo (snap-research/locomo, locomo10.json)",
    "embedder": "Xenova/all-MiniLM-L6-v2",
    "conversations": 10,
    "corpusTurns": 5882,
    "questionsKept": 1981,
    "devQuestions": 662,
    "testQuestions": 1319,
    "frozenHybridConfig": {
      "s": 5,
      "h": 1,
      "k": 10,
      "alpha": 0.5
    },
    "embedSeedKGrid": [
      8,
      16,
      32
    ],
    "reinforcementGrid": [
      "dominance",
      "summation"
    ],
    "gate": "LoCoMo recall@20 >= 0.484 (mem0's measured number, docs/specs/PHASE1_RETRIEVAL_SPEC.md)",
    "mem0Baseline": {
      "recall10": 0.382,
      "recall20": 0.484,
      "ndcg10": 0.242,
      "mrr": 0.215
    },
    "construction": "EmbedSeeded = TunedHybrid's RRF fusion (frozen {s,k,alpha} this run) with its graph channel REPLACED by a real engine.recall() lit-set (activation desc) seeded via createEmbeddingCueResolver (spec §3: baseline entity∪vector-top1 UNION cosine-top-embedSeedK, energy-clamped) and WalkConfig.reinforcement (spec §4a) — both real shipped code paths, not bench reimplementations."
  },
  "winner": {
    "embedSeedK": 16,
    "reinforcement": "summation",
    "dev": {
      "recall1": 0.09282477341389729,
      "recall5": 0.23602719033232628,
      "recall10": 0.346106075864384,
      "recall20": 0.3965005035246728,
      "precision1": 0.1042296072507553,
      "precision5": 0.05589123867069484,
      "precision10": 0.04169184290030228,
      "mrr": 0.18333213656098868,
      "ndcg10": 0.21046874056672166
    },
    "test": {
      "recall1": 0.09382682013462909,
      "recall5": 0.23337021761630417,
      "recall10": 0.3224167535923323,
      "recall20": 0.3658903446967043,
      "precision1": 0.10007581501137225,
      "precision5": 0.053828658074299034,
      "precision10": 0.037831690674753914,
      "mrr": 0.17381692334686433,
      "ndcg10": 0.20129165811545183
    }
  },
  "sweep": [
    {
      "embedSeedK": 8,
      "reinforcement": "dominance",
      "dev": {
        "recall1": 0.09156596173212488,
        "recall5": 0.23678247734138974,
        "recall10": 0.32629237999328636,
        "recall20": 0.3691873416948946,
        "precision1": 0.10120845921450151,
        "precision5": 0.05619335347432022,
        "precision10": 0.03942598187311192,
        "mrr": 0.17938957812225106,
        "ndcg10": 0.20431201364437765
      },
      "test": {
        "recall1": 0.09344774507776783,
        "recall5": 0.23160120068428494,
        "recall10": 0.3083837560111921,
        "recall20": 0.3553603711654539,
        "precision1": 0.10007581501137225,
        "precision5": 0.05337376800606552,
        "precision10": 0.035860500379075344,
        "mrr": 0.17249227096816613,
        "ndcg10": 0.1965748266326248
      }
    },
    {
      "embedSeedK": 8,
      "reinforcement": "summation",
      "dev": {
        "recall1": 0.0913141993957704,
        "recall5": 0.23602719033232628,
        "recall10": 0.3118160456529037,
        "recall20": 0.3691873416948946,
        "precision1": 0.1027190332326284,
        "precision5": 0.05589123867069484,
        "precision10": 0.03761329305135963,
        "mrr": 0.17816682779140589,
        "ndcg10": 0.1991505857834173
      },
      "test": {
        "recall1": 0.09382682013462909,
        "recall5": 0.23337021761630417,
        "recall10": 0.29817400114639553,
        "recall20": 0.3553603711654539,
        "precision1": 0.10007581501137225,
        "precision5": 0.053828658074299034,
        "precision10": 0.03487490523123606,
        "mrr": 0.17134602366618587,
        "ndcg10": 0.19376999254281232
      }
    },
    {
      "embedSeedK": 16,
      "reinforcement": "dominance",
      "dev": {
        "recall1": 0.09156596173212488,
        "recall5": 0.23678247734138974,
        "recall10": 0.34459550184625715,
        "recall20": 0.3965005035246728,
        "precision1": 0.10120845921450151,
        "precision5": 0.05619335347432022,
        "precision10": 0.041540785498489594,
        "mrr": 0.1824920775816015,
        "ndcg10": 0.2098904704420226
      },
      "test": {
        "recall1": 0.09344774507776783,
        "recall5": 0.23160120068428494,
        "recall10": 0.32016035444434865,
        "recall20": 0.3658903446967043,
        "precision1": 0.10007581501137225,
        "precision5": 0.05337376800606552,
        "precision10": 0.0375284306292649,
        "mrr": 0.17375717588991305,
        "ndcg10": 0.20034822127314758
      }
    },
    {
      "embedSeedK": 16,
      "reinforcement": "summation",
      "dev": {
        "recall1": 0.09282477341389729,
        "recall5": 0.23602719033232628,
        "recall10": 0.346106075864384,
        "recall20": 0.3965005035246728,
        "precision1": 0.1042296072507553,
        "precision5": 0.05589123867069484,
        "precision10": 0.04169184290030228,
        "mrr": 0.18333213656098868,
        "ndcg10": 0.21046874056672166
      },
      "test": {
        "recall1": 0.09382682013462909,
        "recall5": 0.23337021761630417,
        "recall10": 0.3224167535923323,
        "recall20": 0.3658903446967043,
        "precision1": 0.10007581501137225,
        "precision5": 0.053828658074299034,
        "precision10": 0.037831690674753914,
        "mrr": 0.17381692334686433,
        "ndcg10": 0.20129165811545183
      }
    },
    {
      "embedSeedK": 32,
      "reinforcement": "dominance",
      "dev": {
        "recall1": 0.09156596173212488,
        "recall5": 0.23678247734138974,
        "recall10": 0.34459550184625715,
        "recall20": 0.3919687814702921,
        "precision1": 0.10120845921450151,
        "precision5": 0.05619335347432022,
        "precision10": 0.041540785498489594,
        "mrr": 0.18214158491726484,
        "ndcg10": 0.2098904704420226
      },
      "test": {
        "recall1": 0.09344774507776783,
        "recall5": 0.23160120068428494,
        "recall10": 0.32016035444434865,
        "recall20": 0.36573871467395974,
        "precision1": 0.10007581501137225,
        "precision5": 0.05337376800606552,
        "precision10": 0.0375284306292649,
        "mrr": 0.17372348032930318,
        "ndcg10": 0.20034822127314758
      }
    },
    {
      "embedSeedK": 32,
      "reinforcement": "summation",
      "dev": {
        "recall1": 0.09282477341389729,
        "recall5": 0.23602719033232628,
        "recall10": 0.346106075864384,
        "recall20": 0.3919687814702921,
        "precision1": 0.1042296072507553,
        "precision5": 0.05589123867069484,
        "precision10": 0.04169184290030228,
        "mrr": 0.18299645344584936,
        "ndcg10": 0.21046874056672166
      },
      "test": {
        "recall1": 0.09382682013462909,
        "recall5": 0.23337021761630417,
        "recall10": 0.3224167535923323,
        "recall20": 0.36573871467395974,
        "precision1": 0.10007581501137225,
        "precision5": 0.053828658074299034,
        "precision10": 0.037831690674753914,
        "mrr": 0.17378084546437875,
        "ndcg10": 0.20129165811545183
      }
    }
  ],
  "sameRun": {
    "PureID": {
      "recall1": 0.0963539871803708,
      "recall5": 0.18412520635795843,
      "recall10": 0.24453024231265316,
      "recall20": 0.2717308727743267,
      "precision1": 0.10386656557998483,
      "precision5": 0.041849886277483116,
      "precision10": 0.02835481425322232,
      "mrr": 0.1507767693514471,
      "ndcg10": 0.16574921668470305
    },
    "TunedHybrid": {
      "recall1": 0.09332138672548074,
      "recall5": 0.23373124147998156,
      "recall10": 0.3071959874996935,
      "recall20": 0.3751789577916768,
      "precision1": 0.10007581501137225,
      "precision5": 0.05413191811978805,
      "precision10": 0.03563305534495859,
      "mrr": 0.1741114307589421,
      "ndcg10": 0.19429869811132136
    }
  }
}