{
  "meta": {
    "embedder": "Xenova/all-MiniLM-L6-v2",
    "embedderRuntime": "@huggingface/transformers (Node-native ONNX)",
    "corpusFacts": 320,
    "totalQueries": 80,
    "devQueries": 27,
    "testQueries": 53,
    "frozenHybridConfig": {
      "s": 5,
      "h": 2,
      "k": 10,
      "alpha": 0.7
    },
    "seedingProtocol": "sharedSeed(q) = {nodes whose entity == a cue entity} UNION {global vector top-1 by cosine}; IntelligentDB energizes these as walk seeds; the hybrid uses them as the graph-expansion root and the global cosine ranking as its vector channel.",
    "tuning": "Grid s∈{5,10,20} x h∈{1,2} x k∈{10,30,60} x alpha∈{0.3,0.5,0.7}; maximize mean recall@10 on dev; frozen for test."
  },
  "overall": {
    "IntelligentDB": {
      "recall1": 0.2012578616352202,
      "recall5": 0.6352201257861636,
      "recall10": 0.8616352201257866,
      "recall20": 0.8616352201257866,
      "precision1": 0.33962264150943394,
      "precision5": 0.15471698113207552,
      "precision10": 0.09999999999999995,
      "mrr": 0.5216831386642706,
      "ndcg10": 0.5250265669333423
    },
    "TunedHybrid": {
      "recall1": 0.4276729559748425,
      "recall5": 0.8113207547169812,
      "recall10": 0.9245283018867925,
      "recall20": 0.9245283018867925,
      "precision1": 0.5660377358490566,
      "precision5": 0.24528301886792453,
      "precision10": 0.1339622641509434,
      "mrr": 0.667340521114106,
      "ndcg10": 0.728637531267554
    }
  },
  "byCategory": {
    "DIRECT": {
      "n": 16,
      "IntelligentDB": {
        "recall1": 0.4375,
        "recall5": 1,
        "recall10": 1,
        "recall20": 1,
        "precision1": 0.4375,
        "precision5": 0.20000000000000004,
        "precision10": 0.10000000000000002,
        "mrr": 0.6770833333333334,
        "ndcg10": 0.7596655479910805
      },
      "TunedHybrid": {
        "recall1": 0.6875,
        "recall5": 1,
        "recall10": 1,
        "recall20": 1,
        "precision1": 0.6875,
        "precision5": 0.20000000000000004,
        "precision10": 0.10000000000000002,
        "mrr": 0.8125,
        "ndcg10": 0.8601162191964322
      }
    },
    "MULTIHOP": {
      "n": 16,
      "IntelligentDB": {
        "recall1": 0,
        "recall5": 0.25,
        "recall10": 1,
        "recall20": 1,
        "precision1": 0,
        "precision5": 0.05,
        "precision10": 0.10000000000000002,
        "mrr": 0.15515873015873016,
        "ndcg10": 0.34435583083496957
      },
      "TunedHybrid": {
        "recall1": 0,
        "recall5": 0.375,
        "recall10": 0.75,
        "recall20": 0.75,
        "precision1": 0,
        "precision5": 0.075,
        "precision10": 0.075,
        "mrr": 0.1480654761904762,
        "ndcg10": 0.2871293839309079
      }
    },
    "PARAPHRASE": {
      "n": 11,
      "IntelligentDB": {
        "recall1": 0.33333333333333337,
        "recall5": 0.33333333333333337,
        "recall10": 0.33333333333333337,
        "recall20": 0.33333333333333337,
        "precision1": 1,
        "precision5": 0.19999999999999998,
        "precision10": 0.09999999999999999,
        "mrr": 1,
        "ndcg10": 0.4692787260227566
      },
      "TunedHybrid": {
        "recall1": 0.33333333333333337,
        "recall5": 1,
        "recall10": 1,
        "recall20": 1,
        "precision1": 1,
        "precision5": 0.5999999999999999,
        "precision10": 0.29999999999999993,
        "mrr": 1,
        "ndcg10": 1
      }
    },
    "CONTRADICTION": {
      "n": 10,
      "IntelligentDB": {
        "recall1": 0,
        "recall5": 1,
        "recall10": 1,
        "recall20": 1,
        "precision1": 0,
        "precision5": 0.19999999999999998,
        "precision10": 0.09999999999999999,
        "mrr": 0.33333333333333337,
        "ndcg10": 0.5
      },
      "TunedHybrid": {
        "recall1": 0.8,
        "recall5": 1,
        "recall10": 1,
        "recall20": 1,
        "precision1": 0.8,
        "precision5": 0.19999999999999998,
        "precision10": 0.09999999999999999,
        "mrr": 0.9,
        "ndcg10": 0.9261859507142916
      }
    }
  },
  "contradiction": {
    "bothSidesSurfacedAtK": 10,
    "idBothSidesRate": 1,
    "hybridBothSidesRate": 1,
    "idCorrectLiveRate": 1,
    "idDeferredRate": 0,
    "n": 15
  },
  "halting": {
    "meanLitSize": 6.2075471698113205,
    "meanAutoF1": 0.3188679245283017,
    "meanOracleF1": 0.511500449236298,
    "autoOverOracle": 0.7150943396226416,
    "meanF1At5": 0.24056603773584906,
    "meanF1At10": 0.17601266657870418,
    "meanOvershoot": 2.849056603773585
  }
}