{
  "meta": {
    "experiment": "1.1.1.1.3.blend — Phase 1b Measurement: Blend arm vs walk-mode arms + mem0 (same run)",
    "dataset": "LoCoMo (snap-research/locomo, locomo10.json)",
    "embedder": "Xenova/all-MiniLM-L6-v2",
    "mem0Llm": "qwen2.5:7b",
    "mem0Embed": "nomic-embed-text",
    "conversations": 10,
    "corpusTurns": 5882,
    "questionsKept": 1981,
    "devQuestions": 662,
    "testQuestions": 1319,
    "mem0ScoredQuestions": 1319,
    "frozenHybridConfig": {
      "s": 5,
      "h": 1,
      "k": 10,
      "alpha": 0.5
    },
    "frozenEmbedSeedK": 16,
    "frozenReinforcement": "dominance",
    "blendSweepGrid": {
      "wCos": [
        0.5,
        0.7,
        0.9
      ],
      "wWalk": [
        0.1,
        0.3,
        0.5
      ],
      "wState": 0.1,
      "unionTopN": [
        32,
        64,
        128
      ]
    },
    "frozenBlendWeights": {
      "wCos": 0.9,
      "wWalk": 0.3,
      "wState": 0.1
    },
    "frozenBlendUnionTopN": 128,
    "gate": "LoCoMo recall@20 >= 0.484 (mem0's measured number, docs/specs/PHASE1B_RANKING_SPEC.md)",
    "mem0PublishedBaseline": {
      "recall10": 0.382,
      "recall20": 0.484,
      "ndcg10": 0.242,
      "mrr": 0.215
    }
  },
  "devSweep": [
    {
      "weights": {
        "wCos": 0.5,
        "wWalk": 0.1,
        "wState": 0.1
      },
      "unionTopN": 32,
      "dev": {
        "recall1": 0.09081067472306142,
        "recall5": 0.24697885196374622,
        "recall10": 0.3388049681101041,
        "recall20": 0.4351376300772071,
        "precision1": 0.10120845921450151,
        "precision5": 0.05861027190332328,
        "precision10": 0.040785498489426135,
        "mrr": 0.18997111613954043,
        "ndcg10": 0.20877764716535302
      }
    },
    {
      "weights": {
        "wCos": 0.5,
        "wWalk": 0.1,
        "wState": 0.1
      },
      "unionTopN": 64,
      "dev": {
        "recall1": 0.09081067472306142,
        "recall5": 0.24748237663645517,
        "recall10": 0.34081906680093993,
        "recall20": 0.43866230278616974,
        "precision1": 0.10120845921450151,
        "precision5": 0.05891238670694866,
        "precision10": 0.04108761329305152,
        "mrr": 0.19279333230861911,
        "ndcg10": 0.20942707011801345
      }
    },
    {
      "weights": {
        "wCos": 0.5,
        "wWalk": 0.1,
        "wState": 0.1
      },
      "unionTopN": 128,
      "dev": {
        "recall1": 0.09081067472306142,
        "recall5": 0.24748237663645517,
        "recall10": 0.34081906680093993,
        "recall20": 0.44168345082242355,
        "precision1": 0.10120845921450151,
        "precision5": 0.05891238670694866,
        "precision10": 0.04108761329305152,
        "mrr": 0.19464891678957,
        "ndcg10": 0.20940899584407677
      }
    },
    {
      "weights": {
        "wCos": 0.5,
        "wWalk": 0.3,
        "wState": 0.1
      },
      "unionTopN": 32,
      "dev": {
        "recall1": 0.09081067472306142,
        "recall5": 0.24748237663645517,
        "recall10": 0.3377979187646862,
        "recall20": 0.44168345082242355,
        "precision1": 0.10120845921450151,
        "precision5": 0.05891238670694866,
        "precision10": 0.040785498489426135,
        "mrr": 0.19136036091624745,
        "ndcg10": 0.20940747251329467
      }
    },
    {
      "weights": {
        "wCos": 0.5,
        "wWalk": 0.3,
        "wState": 0.1
      },
      "unionTopN": 64,
      "dev": {
        "recall1": 0.09081067472306142,
        "recall5": 0.24848942598187312,
        "recall10": 0.3377979187646862,
        "recall20": 0.44168345082242355,
        "precision1": 0.10120845921450151,
        "precision5": 0.05891238670694867,
        "precision10": 0.040785498489426135,
        "mrr": 0.19456885472896587,
        "ndcg10": 0.20970095831193689
      }
    },
    {
      "weights": {
        "wCos": 0.5,
        "wWalk": 0.3,
        "wState": 0.1
      },
      "unionTopN": 128,
      "dev": {
        "recall1": 0.09081067472306142,
        "recall5": 0.25075528700906347,
        "recall10": 0.34081906680093993,
        "recall20": 0.44168345082242355,
        "precision1": 0.10120845921450151,
        "precision5": 0.05951661631419944,
        "precision10": 0.04123867069486421,
        "mrr": 0.19750071139457429,
        "ndcg10": 0.21148432230962314
      }
    },
    {
      "weights": {
        "wCos": 0.5,
        "wWalk": 0.5,
        "wState": 0.1
      },
      "unionTopN": 32,
      "dev": {
        "recall1": 0.09081067472306142,
        "recall5": 0.24924471299093656,
        "recall10": 0.3385532057737496,
        "recall20": 0.44168345082242355,
        "precision1": 0.10120845921450151,
        "precision5": 0.05921450151057406,
        "precision10": 0.040936555891238825,
        "mrr": 0.19313557881684298,
        "ndcg10": 0.2107598329914977
      }
    },
    {
      "weights": {
        "wCos": 0.5,
        "wWalk": 0.5,
        "wState": 0.1
      },
      "unionTopN": 64,
      "dev": {
        "recall1": 0.09081067472306142,
        "recall5": 0.25075528700906347,
        "recall10": 0.3385532057737496,
        "recall20": 0.44168345082242355,
        "precision1": 0.10120845921450151,
        "precision5": 0.05951661631419944,
        "precision10": 0.040936555891238825,
        "mrr": 0.19567810130649038,
        "ndcg10": 0.2106353380112902
      }
    },
    {
      "weights": {
        "wCos": 0.5,
        "wWalk": 0.5,
        "wState": 0.1
      },
      "unionTopN": 128,
      "dev": {
        "recall1": 0.09081067472306142,
        "recall5": 0.25226586102719034,
        "recall10": 0.34081906680093993,
        "recall20": 0.44168345082242355,
        "precision1": 0.10120845921450151,
        "precision5": 0.05981873111782482,
        "precision10": 0.04123867069486421,
        "mrr": 0.19794129548319467,
        "ndcg10": 0.2118561371659058
      }
    },
    {
      "weights": {
        "wCos": 0.7,
        "wWalk": 0.1,
        "wState": 0.1
      },
      "unionTopN": 32,
      "dev": {
        "recall1": 0.09081067472306142,
        "recall5": 0.24244712990936557,
        "recall10": 0.3388049681101041,
        "recall20": 0.4351376300772071,
        "precision1": 0.10120845921450151,
        "precision5": 0.057703927492447134,
        "precision10": 0.040785498489426135,
        "mrr": 0.1889465091749666,
        "ndcg10": 0.20786146048225818
      }
    },
    {
      "weights": {
        "wCos": 0.7,
        "wWalk": 0.1,
        "wState": 0.1
      },
      "unionTopN": 64,
      "dev": {
        "recall1": 0.09081067472306142,
        "recall5": 0.24244712990936557,
        "recall10": 0.34081906680093993,
        "recall20": 0.43866230278616974,
        "precision1": 0.10120845921450151,
        "precision5": 0.057703927492447134,
        "precision10": 0.041087613293051516,
        "mrr": 0.19180478361273195,
        "ndcg10": 0.20858861197593837
      }
    },
    {
      "weights": {
        "wCos": 0.7,
        "wWalk": 0.1,
        "wState": 0.1
      },
      "unionTopN": 128,
      "dev": {
        "recall1": 0.09081067472306142,
        "recall5": 0.24244712990936557,
        "recall10": 0.34081906680093993,
        "recall20": 0.4409281638133601,
        "precision1": 0.10120845921450151,
        "precision5": 0.057703927492447134,
        "precision10": 0.041087613293051516,
        "mrr": 0.19359132825150666,
        "ndcg10": 0.20858861197593837
      }
    },
    {
      "weights": {
        "wCos": 0.7,
        "wWalk": 0.3,
        "wState": 0.1
      },
      "unionTopN": 32,
      "dev": {
        "recall1": 0.09081067472306142,
        "recall5": 0.24697885196374622,
        "recall10": 0.3388049681101041,
        "recall20": 0.4394175897952332,
        "precision1": 0.10120845921450151,
        "precision5": 0.05861027190332328,
        "precision10": 0.040785498489426135,
        "mrr": 0.19124607760862286,