{
  "meta": {
    "experiment": "1.1.1.1.4.isolation — Phase 1c D1/D2 isolation diagnostics (run before tuning)",
    "dataset": "LoCoMo (snap-research/locomo, locomo10.json)",
    "conversations": 10,
    "corpusTurns": 5882,
    "questionsKept": 1981,
    "devQuestions": 662,
    "testQuestions": 1319,
    "frozenEmbedSeedK": 16,
    "frozenReinforcement": "dominance",
    "frozenUnionTopN": 128,
    "diagnosticWeights": {
      "wCos": 1,
      "wWalk": 0,
      "wState": 0
    },
    "d1Embedder": "Xenova/all-MiniLM-L6-v2",
    "d2Embedder": "ollama:nomic-embed-text",
    "mem0Ran": true,
    "mem0DevScored": 662,
    "mem0TestReference": {
      "recall20": 0.484,
      "note": "1b same-run TEST number, cross-split caveat if mem0DevScored===0"
    }
  },
  "D1_pureCosine_MiniLM_DEV": {
    "recall1": 0.09081067472306142,
    "recall5": 0.23904833836858005,
    "recall10": 0.3283568311513931,
    "recall20": 0.4275847599865727,
    "precision1": 0.10120845921450151,
    "precision5": 0.056495468277945604,
    "precision10": 0.03957703927492461,
    "mrr": 0.19029663638311997,
    "ndcg10": 0.20256771487215658
  },
  "D2_pureCosine_Nomic_DEV": {
    "recall1": 0.11472809667673717,
    "recall5": 0.3026686807653575,
    "recall10": 0.3808828465928164,
    "recall20": 0.4832326283987915,
    "precision1": 0.1268882175226586,
    "precision5": 0.06888217522658624,
    "precision10": 0.0448640483383688,
    "mrr": 0.22579778418598018,
    "ndcg10": 0.2443842028842564
  },
  "delta_D2_minus_D1": {
    "recall1": 0.023917421953675744,
    "recall5": 0.06362034239677747,
    "recall10": 0.052526015441423324,
    "recall20": 0.055647868412218804,
    "precision1": 0.025679758308157094,
    "precision5": 0.012386706948640636,
    "precision10": 0.00528700906344419,
    "mrr": 0.035501147802860206,
    "ndcg10": 0.041816488012099834
  },
  "mem0_DEV": {
    "recall1": 0.11472809667673717,
    "recall5": 0.3026686807653574,
    "recall10": 0.38088284659281635,
    "recall20": 0.48323262839879144,
    "precision1": 0.1268882175226586,
    "precision5": 0.06888217522658624,
    "precision10": 0.04486404833836877,
    "mrr": 0.21807264422369688,
    "ndcg10": 0.24438420288425652
  }
}