{
  "meta": {
    "experiment": "1.1.1.1.1.mem0 — mem0 competitor arm on real LoCoMo (same-run vs 4 IDB arms)",
    "dataset": "LoCoMo (snap-research/locomo, locomo10.json)",
    "embedder": "Xenova/all-MiniLM-L6-v2",
    "mem0Llm": "qwen2.5:7b",
    "mem0Embed": "nomic-embed-text",
    "mem0EmbedDims": 768,
    "conversations": 10,
    "corpusTurns": 5882,
    "questionsKept": 1981,
    "devQuestions": 662,
    "testQuestions": 1319,
    "mem0ScoredQuestions": 1319,
    "frozenHybridConfig": {
      "s": 5,
      "h": 1,
      "k": 10,
      "alpha": 0.5
    },
    "frozenRerankBlend": 0.2,
    "frozenMultiSeedK": 20,
    "mem0SearchK": 20,
    "mem0IngestedItems": 5882,
    "mem0IngestMs": 137757,
    "mem0IngestItemsPerSec": 43,
    "mem0SearchMs": 30860,
    "mem0SearchedQuestions": 1319,
    "mem0MeanSearchMs": 23.396159893859,
    "mem0TotalWallMs": 199808,
    "fairness": "mem0 gets ONE sidecar (embedded-Qdrant collection) per LoCoMo conversation, built from that conversation's turns only (mem.add(text, infer=False) — same-run ingest, no LLM summarization), and is queried ONLY with that conversation's TEST question cue texts (mem.search) — the same conversation-scoping the 4 IDB arms get for free from their per-conversation graph/store. The 4 IDB arms (PureID / ID+Rerank / MultiSeedID / TunedHybrid) are re-tuned on DEV and re-scored on TEST in THIS SAME run (identical methodology to experiments/1.1 and 1.1.1.1.1) so every number in this report comes from one process invocation."
  },
  "overall": {
    "PureID": {
      "recall1": 0.0963539871803708,
      "recall5": 0.18412520635795843,
      "recall10": 0.24453024231265316,
      "recall20": 0.2717308727743267,
      "precision1": 0.10386656557998483,
      "precision5": 0.041849886277483116,
      "precision10": 0.02835481425322232,
      "mrr": 0.1507767693514471,
      "ndcg10": 0.16574921668470305
    },
    "IDRerank": {
      "recall1": 0.09483768695292577,
      "recall5": 0.2555949111872658,
      "recall10": 0.27072632387364437,
      "recall20": 0.2717308727743267,
      "precision1": 0.10159211523881728,
      "precision5": 0.05943896891584574,
      "precision10": 0.031842304776345955,
      "mrr": 0.17573102703883603,
      "ndcg10": 0.1926564858875808
    },
    "MultiSeedID": {
      "recall1": 0.09332138672548074,
      "recall5": 0.21670896630759265,
      "recall10": 0.28161383651951377,
      "recall20": 0.3239845304576771,
      "precision1": 0.10007581501137225,
      "precision5": 0.049583017437452886,
      "precision10": 0.03282789992418522,
      "mrr": 0.16484669558243564,
      "ndcg10": 0.18455121041193925
    },
    "TunedHybrid": {
      "recall1": 0.09332138672548074,
      "recall5": 0.23373124147998156,
      "recall10": 0.3071959874996935,
      "recall20": 0.3751789577916768,
      "precision1": 0.10007581501137225,
      "precision5": 0.05413191811978805,
      "precision10": 0.03563305534495859,
      "mrr": 0.1741114307589421,
      "ndcg10": 0.19429869811132136
    },
    "mem0": {
      "recall1": 0.11377338860280485,
      "recall5": 0.293442455209391,
      "recall10": 0.38188640953659014,
      "recall20": 0.48383037215016605,
      "precision1": 0.12509476876421532,
      "precision5": 0.066110689916604,
      "precision10": 0.04389689158453411,
      "mrr": 0.21477891979520938,
      "ndcg10": 0.24186065518514135
    }
  },
  "byCategory": {
    "single-hop": {
      "n": 560,
      "nMem0": 560,
      "PureID": {
        "recall1": 0.09568452380952382,
        "recall5": 0.21279761904761907,
        "recall10": 0.28571428571428564,
        "recall20": 0.31607142857142856,
        "precision1": 0.1,
        "precision5": 0.044999999999999894,
        "precision10": 0.030357142857142805,
        "mrr": 0.15426860837575132,
        "ndcg10": 0.18276348721966856
      },
      "IDRerank": {
        "recall1": 0.109375,
        "recall5": 0.30357142857142855,
        "recall10": 0.31607142857142856,
        "recall20": 0.31607142857142856,
        "precision1": 0.1125,
        "precision5": 0.06428571428571424,
        "precision10": 0.033392857142857134,
        "mrr": 0.19174815759637184,
        "ndcg10": 0.22207394918509257
      },
      "MultiSeedID": {
        "recall1": 0.10758928571428572,
        "recall5": 0.24895833333333336,
        "recall10": 0.31994047619047616,
        "recall20": 0.3851190476190476,
        "precision1": 0.11071428571428571,
        "precision5": 0.053571428571428444,
        "precision10": 0.03410714285714284,
        "mrr": 0.18200838887419776,
        "ndcg10": 0.20905640201256326
      },
      "TunedHybrid": {
        "recall1": 0.10758928571428572,
        "recall5": 0.26860119047619047,
        "recall10": 0.34851190476190474,
        "recall20": 0.4217261904761905,
        "precision1": 0.11071428571428571,
        "precision5": 0.057857142857142725,
        "precision10": 0.037142857142857165,
        "mrr": 0.1892793345901187,
        "ndcg10": 0.22003139554065992
      },
      "mem0": {
        "recall1": 0.11622023809523811,
        "recall5": 0.32172619047619044,
        "recall10": 0.4351190476190476,
        "recall20": 0.5422619047619047,
        "precision1": 0.125,
        "precision5": 0.06857142857142856,
        "precision10": 0.04607142857142871,
        "mrr": 0.22326075759097647,
        "ndcg10": 0.263500287778942
      }
    },
    "multi-hop": {
      "n": 188,
      "nMem0": 188,
      "PureID": {
        "recall1": 0.012008381689232751,
        "recall5": 0.053782697798655243,
        "recall10": 0.077759164594271,
        "recall20": 0.1032607510071116,
        "precision1": 0.031914893617021274,
        "precision5": 0.030851063829787244,
        "precision10": 0.022340425531914898,
        "mrr": 0.08051139168160446,
        "ndcg10": 0.05467493287658855
      },
      "IDRerank": {
        "recall1": 0.012008381689232751,
        "recall5": 0.08313663753193429,
        "recall10": 0.10153202760285626,
        "recall20": 0.1032607510071116,
        "precision1": 0.031914893617021274,
        "precision5": 0.04893617021276595,
        "precision10": 0.029255319148936164,
        "mrr": 0.11172112462006077,
        "ndcg10": 0.07698392039223925
      },
      "MultiSeedID": {
        "recall1": 0.012008381689232751,
        "recall5": 0.05822856221792392,
        "recall10": 0.10269411439624204,
        "recall20": 0.13515492066723872,
        "precision1": 0.031914893617021274,
        "precision5": 0.030851063829787247,
        "precision10": 0.027659574468085108,
        "mrr": 0.07911179393892159,
        "ndcg10": 0.06529309128350053
      },
      "TunedHybrid": {
        "recall1": 0.012008381689232751,
        "recall5": 0.07127314175186515,
        "recall10": 0.11063484387952471,
        "recall20": 0.14890105461913972,
        "precision1": 0.031914893617021274,
        "precision5": 0.040425531914893634,
        "precision10": 0.030319148936170208,
        "mrr": 0.08487579218073892,
        "ndcg10": 0.07022427035500928
      },
      "mem0": {
        "recall1": 0.01099521046329557,
        "recall5": 0.056250575665469295,
        "recall10": 0.11205328359583677,
        "recall20": 0.19177986067683717,
        "precision1": 0.031914893617021274,
        "precision5": 0.03404255319148937,
        "precision10": 0.034042553191489355,
        "mrr": 0.08296452038856193,
        "ndcg10": 0.07006325354941113
      }
    },
    "temporal": {
      "n": 213,
      "nMem0": 213,
      "PureID": {
        "recall1": 0.13028169014084506,
        "recall5": 0.22339593114241,
        "recall10": 0.270735524256651,
        "recall20": 0.2965571205007825,
        "precision1": 0.14553990610328638,
        "precision5": 0.049765258215962414,
        "precision10": 0.030985915492957712,
        "mrr": 0.19391477067533408,
        "ndcg10": 0.2015047727797243
      },
      "IDRerank": {
        "recall1": 0.09194053208137716,
        "recall5": 0.26604068857589985,