{
  "generatedAt": "2026-07-06T16:01:41.030Z",
  "node": "v24.16.0",
  "platform": "win32/x64",
  "config": {
    "sizes": [
      1000,
      10000,
      100000,
      1000000
    ],
    "writeIters": 600,
    "recallIters": 250,
    "mixedMs": 30000,
    "mixedWriteFraction": 0.05,
    "clusterSize": 16,
    "concKs": [
      1,
      2,
      4,
      8
    ],
    "concMs": 3000
  },
  "scale": [
    {
      "size": 1000,
      "seedMs": 5.344299999999976,
      "writeP50Us": 29.40000000000964,
      "writeP99Us": 378.599999999949,
      "recallP50Ms": 2.0317999999999756,
      "recallP99Ms": 2.8920000000000528,
      "recallMeanMs": 2.104346799999999,
      "litMean": 77,
      "popMean": 77,
      "diskBytes": 966656,
      "bytesPerFact": 966.656,
      "completed": true
    },
    {
      "size": 10000,
      "seedMs": 65.88060000000007,
      "writeP50Us": 26.299999999991996,
      "writeP99Us": 116.40000000011241,
      "recallP50Ms": 1.9726000000000568,
      "recallP99Ms": 2.277799999999843,
      "recallMeanMs": 1.9946059999999988,
      "litMean": 77,
      "popMean": 77,
      "diskBytes": 9134080,
      "bytesPerFact": 913.408,
      "completed": true
    },
    {
      "size": 100000,
      "seedMs": 589.9986000000001,
      "writeP50Us": 25.99999999983993,
      "writeP99Us": 311.7000000002008,
      "recallP50Ms": 1.971599999999853,
      "recallP99Ms": 2.3013999999998305,
      "recallMeanMs": 1.9964712,
      "litMean": 77,
      "popMean": 77,
      "diskBytes": 91521024,
      "bytesPerFact": 915.21024,
      "completed": true
    },
    {
      "size": 1000000,
      "seedMs": 6396.220699999998,
      "writeP50Us": 28.70000000257278,
      "writeP99Us": 92.90000000328291,
      "recallP50Ms": 2.0930000000007567,
      "recallP99Ms": 3.543999999994412,
      "recallMeanMs": 2.24630919999996,
      "litMean": 77,
      "popMean": 77,
      "diskBytes": 921767936,
      "bytesPerFact": 921.767936,
      "completed": true
    }
  ],
  "mixed": {
    "size": 100000,
    "durationMs": 30017.125999999997,
    "ops": 1180,
    "opsPerSec": 39.31089205542197,
    "reads": 1113,
    "writes": 67,
    "readP50Ms": 26.430699999999888,
    "readP99Ms": 33.03859999999986,
    "writeP50Ms": 0.1481000000021595,
    "writeP99Ms": 0.2881999999990512,
    "maxLatencyMs": 38.93920000000071,
    "p99AllMs": 33.03859999999986,
    "maxOverP99": 1.1785971560538544,
    "checkpointStallObserved": false
  },
  "cold": [
    {
      "size": 100000,
      "reopenMs": 2.443599999998696,
      "firstRecallMs": 4.736799999998766
    },
    {
      "size": 1000000,
      "reopenMs": 1.38640000000305,
      "firstRecallMs": 5.206099999995786
    }
  ],
  "concurrency": [
    {
      "k": 1,
      "totalReads": 10840000,
      "elapsedMs": 3003.3040000000037,
      "readsPerSec": 3609358.2268062066,
      "scaleVs1": 1
    },
    {
      "k": 2,
      "totalReads": 14280000,
      "elapsedMs": 3012.948400000001,
      "readsPerSec": 4739543.498322107,
      "scaleVs1": 1.3131263788454606
    },
    {
      "k": 4,
      "totalReads": 24440000,
      "elapsedMs": 3010.1633,
      "readsPerSec": 8119160.84419739,
      "scaleVs1": 2.2494749298912753
    },
    {
      "k": 8,
      "totalReads": 38880000,
      "elapsedMs": 3019.4709000000003,
      "readsPerSec": 12876428.118581966,
      "scaleVs1": 3.5675118149676877
    }
  ],
  "largestCompleted": 1000000
}